elapsed_days,stamp_diff_arcsec,lrl_diff_arcsec,interp_diff_arcsec,timing_diff_days
2199.200,-4.9281,2.5791,2.5776,3.355356e-4
2287.200,-5.1257,2.6826,2.6810,3.487556e-4
2375.150,-5.3227,2.7859,2.7841,3.619510e-4
2463.150,-5.5202,2.8892,2.8873,3.751479e-4
2551.100,-5.7173,2.9929,2.9904,3.883490e-4
2639.050,-5.9143,3.0967,3.0936,4.015546e-4
2727.050,-6.1117,3.1999,3.1968,4.147471e-4
2815.000,-6.3085,3.3036,3.2998,4.279244e-4
2902.950,-6.5053,3.4073,3.4030,4.411148e-4
2990.950,-6.7026,3.5105,3.5060,4.543012e-4
3078.900,-6.8995,3.6141,3.6091,4.674911e-4
3166.900,-7.0967,3.7169,3.7118,4.806422e-4
3254.850,-7.2934,3.8205,3.8146,4.938054e-4
3342.800,-7.4901,3.9242,3.9179,5.069927e-4
3430.800,-7.6874,4.0275,4.0210,5.201863e-4
3518.750,-7.8842,4.1311,4.1241,5.333747e-4
3606.750,-8.0817,4.2339,4.2268,5.465243e-4
3694.700,-8.2785,4.3376,4.3297,5.597050e-4
3782.650,-8.4754,4.4413,4.4330,5.729055e-4
3870.650,-8.6730,4.5428,4.5365,5.861387e-4
3958.600,-8.8700,4.6464,4.6395,5.993254e-4
4046.550,-9.0670,4.7500,4.7427,6.125207e-4
4134.550,-9.2648,4.8532,4.8456,6.257128e-4
4222.500,-9.4619,4.9571,4.9490,6.389383e-4
4310.500,-9.6598,5.0607,5.0526,6.521823e-4
4398.450,-9.8568,5.1643,5.1557,6.653840e-4
4486.400,-10.0538,5.2680,5.2589,6.785812e-4
4574.400,-10.2516,5.3712,5.3620,6.917874e-4
4662.350,-10.4488,5.4750,5.4652,7.050007e-4
4750.350,-10.6464,5.5784,5.5686,7.182143e-4
4838.300,-10.8430,5.6820,5.6714,7.313778e-4
4926.250,-11.0396,5.7858,5.7747,7.445683e-4
5014.250,-11.2372,5.8890,5.8778,7.577584e-4
5102.200,-11.4340,5.9898,5.9809,7.709559e-4
5190.200,-11.6312,6.0924,6.0835,7.840854e-4
5278.150,-11.8276,6.1959,6.1862,7.972349e-4
5366.100,-12.0241,6.2996,6.2894,8.104167e-4
5454.100,-12.2215,6.4029,6.3926,8.236144e-4
5542.050,-12.4181,6.5065,6.4955,8.367898e-4
5630.000,-12.6147,6.6095,6.5981,8.499182e-4
5718.000,-12.8124,6.7125,6.7008,8.630837e-4
5805.950,-13.0091,6.8162,6.8039,8.762721e-4
5893.950,-13.2068,6.9196,6.9077,8.895174e-4
5981.900,-13.4037,7.0233,7.0105,9.026981e-4
6069.850,-13.6007,7.1267,7.1135,9.158761e-4
6157.850,-13.7987,7.2298,7.2162,9.290577e-4
6245.800,-13.9958,7.3337,7.3196,9.422915e-4
6333.800,-14.1940,7.4377,7.4237,9.555697e-4
6421.750,-14.3909,7.5409,7.5267,9.687672e-4
6509.700,-14.5879,7.6445,7.6298,9.819579e-4
6597.700,-14.7860,7.7479,7.7331,9.951871e-4
6685.650,-14.9832,7.8518,7.8364,1.008415e-3
6773.600,1122.7746,7.9148,7.9438,1.021654e-3
6861.600,-15.3775,8.0590,8.0429,1.034808e-3
6949.550,-15.5740,8.1630,8.1463,1.048015e-3
7037.550,-15.7717,8.2662,8.2496,1.061213e-3
7125.500,-15.9684,8.3700,8.3526,1.074415e-3
7213.450,-16.1646,8.4728,8.4551,1.087526e-3
7301.450,-16.3619,8.5759,8.5579,1.100676e-3
7389.400,-16.5582,8.6796,8.6609,1.113844e-3
7477.400,-16.7555,8.7829,8.7644,1.127050e-3
7565.350,-16.9521,8.8865,8.8671,1.140215e-3
7653.300,-17.1485,8.9893,8.9694,1.153318e-3
7741.300,-17.3462,9.0922,9.0720,1.166469e-3
7829.250,-17.5428,9.1959,9.1751,1.179660e-3
7917.200,1120.2449,9.2563,9.2828,1.192923e-3
8005.200,-17.9374,9.4032,9.3818,1.206094e-3
8093.150,-18.1343,9.5065,9.4845,1.219253e-3
8181.150,-18.3326,9.6096,9.5875,1.232449e-3
8269.100,-18.5297,9.7136,9.6908,1.245687e-3
8357.050,-18.7269,9.8182,9.7951,1.258984e-3
8445.050,-18.9249,9.9214,9.8982,1.272185e-3
8533.000,-19.1220,10.0251,10.0012,1.285379e-3
8621.000,-19.3204,10.1285,10.1047,1.298616e-3
8708.950,-19.5176,10.2323,10.2077,1.311838e-3
8796.900,-19.7144,10.3366,10.3117,1.325103e-3
8884.900,-19.9120,10.4398,10.4145,1.338260e-3
8972.850,-20.1084,10.5437,10.5179,1.351457e-3
9060.850,-20.3062,10.6469,10.6213,1.364658e-3
9148.800,-20.5030,10.7509,10.7244,1.377876e-3
9236.750,-20.6990,10.8536,10.8267,1.390972e-3
9324.750,-20.8962,10.9567,10.9296,1.404115e-3
9412.700,-21.0923,11.0604,11.0325,1.417271e-3
9500.650,-21.2884,11.1644,11.1364,1.430502e-3
9588.650,-21.4861,11.2675,11.2390,1.443659e-3
9676.600,-21.6822,11.3699,11.3409,1.456731e-3
9764.600,-21.8800,11.4727,11.4437,1.469876e-3
9852.550,-22.0765,11.5765,11.5467,1.483070e-3
9940.500,-22.2730,11.6807,11.6506,1.496324e-3
10028.500,-22.4711,11.7837,11.7533,1.509500e-3
10116.450,-22.6681,11.8867,11.8556,1.522628e-3
10204.450,-22.8665,11.9897,11.9587,1.535825e-3
10292.400,-23.0636,12.0934,12.0616,1.549043e-3
10380.350,-23.2608,12.1983,12.1660,1.562364e-3
10468.350,-23.4591,12.3014,12.2692,1.575566e-3
10556.300,-23.6563,12.4049,12.3718,1.588739e-3
10644.250,-23.8534,12.5087,12.4754,1.601983e-3
10732.250,-24.0522,12.6120,12.5785,1.615227e-3
10820.200,-24.2491,12.7167,12.6827,1.628514e-3
10908.200,-24.4468,12.8139,12.7857,1.641670e-3
10996.150,-24.6432,12.9180,12.8890,1.654875e-3
11084.100,-24.8396,13.0219,12.9926,1.668098e-3
11172.100,-25.0378,13.1256,13.0960,1.681332e-3
11260.050,-25.2336,13.2282,13.1980,1.694409e-3
11348.050,-25.4307,13.3315,13.3014,1.707569e-3
11436.000,-25.6266,13.4353,13.4042,1.720720e-3
11523.950,-25.8223,13.5393,13.5080,1.733942e-3
11611.950,-26.0201,13.6422,13.6107,1.747094e-3
11699.900,-26.2160,13.7438,13.7124,1.760146e-3
11787.850,1111.5862,13.7987,13.8188,1.773278e-3
11875.850,-26.6099,13.9501,13.9179,1.786451e-3
11963.800,-26.8064,14.0543,14.0216,1.799696e-3
12051.800,-27.0046,14.1574,14.1248,1.812892e-3
12139.750,-27.2014,14.2600,14.2264,1.825977e-3
12227.700,-27.3984,14.3634,14.3295,1.839172e-3
12315.700,-27.5972,14.4667,14.4325,1.852397e-3
12403.650,-27.7945,14.5719,14.5371,1.865746e-3
12491.650,-27.9929,14.6749,14.6403,1.878949e-3
12579.600,-28.1902,14.7784,14.7428,1.892126e-3
12667.550,-28.3875,14.8822,14.8463,1.905371e-3
12755.550,-28.5866,14.9857,14.9496,1.918636e-3
12843.500,-28.7836,15.0905,15.0538,1.931939e-3
12931.500,-28.9815,15.1933,15.1573,1.945123e-3
13019.450,-29.1780,15.2974,15.2604,1.958318e-3
13107.400,-29.3744,15.4011,15.3637,1.971528e-3
13195.400,-29.5728,15.5048,15.4673,1.984780e-3
13283.350,-29.7685,15.6077,15.5694,1.997865e-3
13371.300,1108.0021,15.6676,15.6766,2.011022e-3
13459.300,-30.1612,15.8145,15.7755,2.024146e-3
13547.250,-30.3567,15.9188,15.8794,2.037376e-3
13635.250,-30.5546,16.0220,15.9825,2.050552e-3
13723.200,-30.7501,16.1228,16.0838,2.063563e-3
13811.150,-30.9459,16.2259,16.1864,2.076671e-3
13899.150,-31.1437,16.3294,16.2897,2.089871e-3
13987.100,-31.3399,16.4337,16.3933,2.103113e-3
14075.100,-31.5381,16.5366,16.4967,2.116310e-3
14163.050,-31.7348,16.6388,16.5977,2.129350e-3
14251.000,-31.9317,16.7424,16.7008,2.142551e-3
14339.000,-32.1306,16.8455,16.8038,2.155770e-3
14426.950,-32.3278,16.9505,16.9082,2.169118e-3
14514.900,1105.4651,17.0103,17.0152,2.182317e-3
14602.900,-32.7240,17.1568,17.1138,2.195487e-3
14690.850,-32.9214,17.2602,17.2166,2.208702e-3
14778.850,-33.1209,17.3709,17.3203,2.221991e-3
14866.800,-33.3182,17.4759,17.4244,2.235312e-3
14954.750,-33.5143,17.5797,17.5281,2.248510e-3
15042.750,-33.7128,17.6832,17.6310,2.261696e-3
15130.700,-33.9094,17.7872,17.7344,2.274932e-3
15218.700,-34.1082,17.8910,17.8386,2.288220e-3
15306.650,-34.3038,17.9940,17.9405,2.301310e-3
15394.600,-34.4988,18.0979,18.0442,2.314463e-3
